Nr,Operatiune,Data_in,Data_elib,Produs,Tip_produs,Seria,Analiza,Solicitant,Utilizator,Rezultat,Obs,aparate,aparate1,aparate2,aparate3,stare
1.0,-,1,1,1,-,1,1,1,1,1,1,-,1,-,-,-
2.0,-,2024-08-08,2024-08-20,erberberbe,-,1341341,sfsbfsfbs,CD,sbfsfbsbf,sfbsfbsfbs,sfbsfbsfbs,-,"[True, '4444', '', True, '', '9999', True, '44444', '5555']",-,-,-
3.0,-,2024-08-08,2024-08-08,aaaaa,-,aaaaaaa,aaaaaaa,-,aaaaaaaaa,aaaaaaaaaaaaa,aaaaaaaaaaaaa,-,[],-,-,-
4.0,-,2024-08-08,2024-08-08,-,-,-,-,-,-,-,-,-,[],-,-,-
5.0,-,2024-08-18,2024-08-07,nume,-,03030303,analiza,CC,utilizator,da,obs,"[[True, False, False, False, False, False, True, True, False, False, False, False, False, False, False, False, False, False, False, False, False]]","[['15', '16', '', '', '', '', '3', '', '', '', '', '', '', '', '', '', '', '', '', '', '']]","[['', '', '', '', '', '', '4000', '', '', '', '', '', '', '', '', '', '', '', '', '', '']]",-,-
6.0,-,2024-08-18,2024-08-18,-,-,-,-,-,-,-,-,"[True, False, False, False, False, False, True, True, False, False, False, False, False, False, False, False, False, False, False, False, False]","['15', '16', '', '', '', '', '5', '', '', '', '', '', '', '', '', '', '', '', '', '', '']","['', '', '', '', '', '', '3000', '', '', '', '', '', '', '', '', '', '', '', '', '', '']",-,-
-,-,-,-,-,-,-,-,-,-,-,-,-,-,-,-,-
7.0,-,2024-08-18,2024-08-18,-,-,-,-,-,-,-,-,"[False, False, False, False, False, False, False, False, False, False, False, False, False, False, False, False, False, False, False, False, False]","['', '', '', '', '', '', '', '', '', '', '', '', '', '', '', '', '', '', '', '', '']","['', '', '', '', '', '', '', '', '', '', '', '', '', '', '', '', '', '', '', '', '']",-,"[1, 1, 1, 1, 1, 1, 1, 1, 1, 1, 1, 1, 1, 1, 1, 1, 1, 1, 1, 1, 1]"
8.0,-,2024-08-19,2024-08-19,da,-,-,-,-,-,-,-,"[False, False, False, False, False, False, False, False, False, False, False, False, False, False, False, False, False, False, False, False, False]","['', '', '', '', '', '', '', '', '', '', '', '', '', '', '', '', '', '', '', '', '']","['', '', '', '', '', '', '', '', '', '', '', '', '', '', '', '', '', '', '', '', '']",-,"[1, 1, 1, 1, 1, 1, 1, 1, 1, 1, 1, 1, 1, 1, 1, 1, 1, 1, 1, 1, 1]"
9.0,-,2024-08-19,2024-08-19,-,-,-,-,-,-,-,-,"[False, False, False, False, False, False, False, False, False, False, False, False, False, False, False, False, False, False, False, False, False]","['', '', '', '', '', '', '', '', '', '', '', '', '', '', '', '', '', '', '', '', '']","['', '', '', '', '', '', '', '', '', '', '', '', '', '', '', '', '', '', '', '', '']",-,"[1, 1, 1, 1, 1, 1, 1, 1, 1, 1, 1, 1, 1, 1, 1, 1, 1, 1, 1, 1, 1]"
10.0,-,2024-08-19,2024-08-19,-,-,-,-,-,-,-,dadaa,"[False, False, False, False, False, False, False, False, False, False, False, False, False, False, False, False, False, False, False, False, False]","['', '', '', '', '', '', '', '', '', '', '', '', '', '', '', '', '', '', '', '', '']","['', '', '', '', '', '', '', '', '', '', '', '', '', '', '', '', '', '', '', '', '']",-,"[1, 1, 1, 1, 1, 1, 1, 1, 1, 1, 1, 1, 1, 1, 1, 1, 1, 1, 1, 1, 1]"
11.0,-,2024-08-19,2024-08-19,-,-,-,-,-,-,-,-,"[False, False, False, False, False, False, False, False, False, False, False, False, False, False, False, False, False, False, False, False, False]","['', '', '', '', '', '', '', '', '', '', '', '', '', '', '', '', '', '', '', '', '']","['', '', '', '', '', '', '', '', '', '', '', '', '', '', '', '', '', '', '', '', '']",-,"[1, 1, 1, 1, 1, 1, 1, 1, 1, 1, 1, 1, 1, 1, 1, 1, 1, 1, 1, 1, 1]"
12.0,-,2024-08-19,2024-08-19,-,-,-,-,-,-,-,-,"[False, False, False, False, False, False, False, False, False, False, False, False, False, False, False, False, False, False, False, False, False]","['', '', '', '', '', '', '', '', '', '', '', '', '', '', '', '', '', '', '', '', '']","['', '', '', '', '', '', '', '', '', '', '', '', '', '', '', '', '', '', '', '', '']",-,"[1, 1, 1, 1, 1, 1, 1, 1, 1, 1, 1, 1, 1, 1, 1, 1, 1, 1, 1, 1, 1]"
13.0,-,2024-08-19,2024-08-19,-,-,-,-,-,-,-,-,"[False, False, False, False, False, False, False, False, False, False, False, False, False, False, False, False, False, False, False, False, False]","['', '', '', '', '', '', '', '', '', '', '', '', '', '', '', '', '', '', '', '', '']","['', '', '', '', '', '', '', '', '', '', '', '', '', '', '', '', '', '', '', '', '']",-,"[1, 1, 1, 1, 1, 1, 1, 1, 1, 1, 1, 1, 1, 1, 1, 1, 1, 1, 1, 1, 1]"
14.0,-,2024-08-19,2024-08-19,-,-,-,-,-,-,-,-,"[False, False, False, False, False, False, False, False, False, False, False, False, False, False, False, False, False, False, False, False, False]","['', '', '', '', '', '', '', '', '', '', '', '', '', '', '', '', '', '', '', '', '']","['', '', '', '', '', '', '', '', '', '', '', '', '', '', '', '', '', '', '', '', '']",-,"[1, 1, 1, 1, 1, 1, 1, 1, 1, 1, 1, 1, 1, 1, 1, 1, 1, 1, 1, 1, 1]"
15.0,-,2024-08-19,2024-08-19,-,-,-,-,-,-,-,dadada,"[False, False, False, False, False, False, False, False, False, False, False, False, False, False, False, False, False, False, False, False, False]","['', '', '', '', '', '', '', '', '', '', '', '', '', '', '', '', '', '', '', '', '']","['', '', '', '', '', '', '', '', '', '', '', '', '', '', '', '', '', '', '', '', '']",-,"[1, 1, 1, 1, 1, 1, 1, 1, 1, 1, 1, 1, 1, 1, 1, 1, 1, 1, 1, 1, 1]"
16.0,-,2024-08-19,2024-08-19,-,-,-,-,-,-,-,ddd,"[False, False, False, False, False, False, False, False, False, False, False, False, False, False, False, False, False, False, False, False, False]","['', '', '', '', '', '', '', '', '', '', '', '', '', '', '', '', '', '', '', '', '']","['', '', '', '', '', '', '', '', '', '', '', '', '', '', '', '', '', '', '', '', '']",-,"[1, 1, 1, 1, 1, 1, 1, 1, 1, 1, 1, 1, 1, 1, 1, 1, 1, 1, 1, 1, 1]"
17.0,-,2024-08-19,2024-08-19,-,-,-,-,-,-,-,erser,"[False, False, False, False, False, False, False, False, False, False, False, False, False, False, False, False, False, False, False, False, False]","['', '', '', '', '', '', '', '', '', '', '', '', '', '', '', '', '', '', '', '', '']","['', '', '', '', '', '', '', '', '', '', '', '', '', '', '', '', '', '', '', '', '']",-,"[1, 1, 1, 1, 1, 1, 1, 1, 1, 1, 1, 1, 1, 1, 1, 1, 1, 1, 1, 1, 1]"
18.0,-,2024-08-19,2024-08-19,-,-,-,-,-,-,-,eeeeeeeee,"[False, False, False, False, False, False, False, False, False, False, False, False, False, False, False, False, False, False, False, False, False]","['', '', '', '', '', '', '', '', '', '', '', '', '', '', '', '', '', '', '', '', '']","['', '', '', '', '', '', '', '', '', '', '', '', '', '', '', '', '', '', '', '', '']",-,"[1, 1, 1, 1, 1, 1, 1, 1, 1, 1, 1, 1, 1, 1, 1, 1, 1, 1, 1, 1, 1]"
19.0,-,2024-08-19,2024-08-19,-,-,-,-,-,-,-,-,"[False, False, False, False, False, False, False, False, False, False, False, False, False, False, False, False, False, False, False, False, False]","['', '', '', '', '', '', '', '', '', '', '', '', '', '', '', '', '', '', '', '', '']","['', '', '', '', '', '', '', '', '', '', '', '', '', '', '', '', '', '', '', '', '']",-,"[1, 1, 1, 1, 1, 1, 1, 1, 1, 1, 1, 1, 1, 1, 1, 1, 1, 1, 1, 1, 1]"
20.0,-,2024-08-19,2024-08-19,-,-,-,-,-,-,-,vvvvvv,"[False, False, False, False, False, False, False, False, False, False, False, False, False, False, False, False, False, False, False, False, False]","['', '', '', '', '', '', '', '', '', '', '', '', '', '', '', '', '', '', '', '', '']","['', '', '', '', '', '', '', '', '', '', '', '', '', '', '', '', '', '', '', '', '']",-,"[1, 1, 1, 1, 1, 1, 1, 1, 1, 1, 1, 1, 1, 1, 1, 1, 1, 1, 1, 1, 1]"
21.0,-,2024-08-08,2024-08-19,ieeeeee,-,00000,-,-,tttt,-,nunuu,"[True, False, False, False, False, False, False, False, False, False, False, False, False, False, False, False, False, False, False, False, False]","['5', '', '', '', '', '', '', '', '', '', '', '', '', '', '', '', '', '', '', '', '']","['', '', '', '', '', '', '', '', '', '', '', '', '', '', '', '', '', '', '', '', '']",-,"[1, 1, 1, 1, 1, 1, 1, 1, 1, 1, 1, 1, 1, 1, 1, 1, 1, 1, 1, 1, 1]"
22.0,-,2024-08-19,2024-08-19,-,-,-,-,-,-,-,-,"[True, False, False, False, False, False, False, False, False, False, False, False, False, False, False, False, False, False, False, False, False]","['5', '', '', '', '', '', '', '', '', '', '', '', '', '', '', '', '', '', '', '', '']","['', '', '', '', '', '', '', '', '', '', '', '', '', '', '', '', '', '', '', '', '']",-,"[1, 1, 1, 1, 1, 1, 1, 1, 1, 1, 1, 1, 1, 1, 1, 1, 1, 1, 1, 1, 1]"
23.0,-,2024-08-19,2024-08-19,-,-,-,-,-,-,-,-,"[False, False, False, False, False, False, False, False, False, False, False, False, False, False, False, False, False, False, False, False, False]","['', '', '', '', '', '', '', '', '', '', '', '', '', '', '', '', '', '', '', '', '']","['', '', '', '', '', '', '', '', '', '', '', '', '', '', '', '', '', '', '', '', '']",-,"[1, 1, 1, 1, 1, 1, 1, 1, 1, 1, 1, 1, 1, 1, 1, 1, 1, 1, 1, 1, 1]"
24.0,-,2024-08-19,2024-08-19,-,-,-,-,-,-,-,-,"[False, False, False, False, False, False, False, False, False, False, False, False, False, False, False, False, False, False, False, False, False]","['', '', '', '', '', '', '', '', '', '', '', '', '', '', '', '', '', '', '', '', '']","['', '', '', '', '', '', '', '', '', '', '', '', '', '', '', '', '', '', '', '', '']",-,"[1, 1, 1, 1, 1, 1, 1, 1, 1, 1, 1, 1, 1, 1, 1, 1, 1, 1, 1, 1, 1]"
25.0,-,2024-08-19,2024-08-19,-,-,-,-,-,-,-,-,"[False, False, False, False, False, False, False, False, False, False, False, False, False, False, False, False, False, False, False, False, False]","['', '', '', '', '', '', '', '', '', '', '', '', '', '', '', '', '', '', '', '', '']","['', '', '', '', '', '', '', '', '', '', '', '', '', '', '', '', '', '', '', '', '']",-,"[1, 1, 1, 1, 1, 1, 1, 1, 1, 1, 1, 1, 1, 1, 1, 1, 1, 1, 1, 1, 1]"
26.0,-,2024-08-19,2024-08-19,-,-,-,-,-,-,-,-,"[False, False, False, False, False, False, False, False, False, False, False, False, False, False, False, False, False, False, False, False, False]","['', '', '', '', '', '', '', '', '', '', '', '', '', '', '', '', '', '', '', '', '']","['', '', '', '', '', '', '', '', '', '', '', '', '', '', '', '', '', '', '', '', '']",-,"[1, 1, 1, 1, 1, 1, 1, 1, 1, 1, 1, 1, 1, 1, 1, 1, 1, 1, 1, 1, 1]"
27.0,-,2024-08-19,2024-08-19,-,-,-,-,-,-,-,-,"[False, False, False, False, False, False, False, False, False, False, False, False, False, False, False, False, False, False, False, False, False]","['', '', '', '', '', '', '', '', '', '', '', '', '', '', '', '', '', '', '', '', '']","['', '', '', '', '', '', '', '', '', '', '', '', '', '', '', '', '', '', '', '', '']",-,"[1, 1, 1, 1, 1, 1, 1, 1, 1, 1, 1, 1, 1, 1, 1, 1, 1, 1, 1, 1, 1]"
28.0,-,2024-08-19,2024-08-19,-,-,-,-,-,-,-,eeeeee,"[True, False, False, False, False, False, False, False, False, False, False, False, False, False, False, False, False, False, False, False, False]","['7', '', '', '', '', '', '', '', '', '', '', '', '', '', '', '', '', '', '', '', '']","['', '', '', '', '', '', '', '', '', '', '', '', '', '', '', '', '', '', '', '', '']",-,"[1, 1, 1, 1, 1, 1, 1, 1, 1, 1, 1, 1, 1, 1, 1, 1, 1, 1, 1, 1, 1]"
29.0,-,2024-08-19,2024-08-19,-,-,-,-,-,-,-,eeeeeeeeee,"[True, False, False, False, False, False, False, False, False, False, False, False, False, False, False, False, False, False, False, False, False]","['5', '', '', '', '', '', '', '', '', '', '', '', '', '', '', '', '', '', '', '', '']","['', '', '', '', '', '', '', '', '', '', '', '', '', '', '', '', '', '', '', '', '']",-,"[1, 1, 1, 1, 1, 1, 1, 1, 1, 1, 1, 1, 1, 1, 1, 1, 1, 1, 1, 1, 1]"
30.0,-,2024-08-19,2024-08-19,-,-,-,-,-,-,-,ddddd,"[True, False, False, False, False, False, False, False, False, False, False, False, False, False, False, False, False, False, False, False, False]","['9', '', '', '', '', '', '', '', '', '', '', '', '', '', '', '', '', '', '', '', '']","['', '', '', '', '', '', '', '', '', '', '', '', '', '', '', '', '', '', '', '', '']",-,"[1, 1, 1, 1, 1, 1, 1, 1, 1, 1, 1, 1, 1, 1, 1, 1, 1, 1, 1, 1, 1]"
31.0,-,2024-08-19,2024-08-19,-,-,-,-,-,-,-,rrrrrrr,"[True, False, False, False, False, False, False, False, False, False, False, False, False, False, False, False, False, False, False, False, False]","['3', '', '', '', '', '', '', '', '', '', '', '', '', '', '', '', '', '', '', '', '']","['', '', '', '', '', '', '', '', '', '', '', '', '', '', '', '', '', '', '', '', '']",-,"[1, 1, 1, 1, 1, 1, 1, 1, 1, 1, 1, 1, 1, 1, 1, 1, 1, 1, 1, 1, 1]"
32.0,-,2024-08-19,2024-08-19,-,-,-,-,-,-,-,22222222,"[True, False, False, False, False, False, False, False, False, False, False, False, False, False, False, False, False, False, False, False, False]","['7', '', '', '', '', '', '', '', '', '', '', '', '', '', '', '', '', '', '', '', '']","['', '', '', '', '', '', '', '', '', '', '', '', '', '', '', '', '', '', '', '', '']",-,"[1, 1, 1, 1, 1, 1, 1, 1, 1, 1, 1, 1, 1, 1, 1, 1, 1, 1, 1, 1, 1]"
33.0,-,2024-08-01,2024-08-02,a,-,1,-,CD,a,da1,obs1,"[True, False, False, False, False, False, True, False, False, False, False, False, False, False, False, False, False, False, False, False, False]","['1', '', '', '', '', '', '11', '', '', '', '', '', '', '', '', '', '', '', '', '', '']","['', '', '', '', '', '', '111', '', '', '', '', '', '', '', '', '', '', '', '', '', '']",-,"[1, 1, 1, 1, 1, 1, 1, 1, 1, 1, 1, 1, 1, 1, 1, 1, 1, 1, 1, 1, 1]"
34.0,-,2024-08-03,2024-08-04,b,-,2222,-,CC,bbb,da222,obs22,"[True, False, False, False, False, False, True, False, False, False, False, False, False, False, False, False, False, False, False, False, False]","['2', '', '', '', '', '', '22', '', '', '', '', '', '', '', '', '', '', '', '', '', '']","['', '', '', '', '', '', '222', '', '', '', '', '', '', '', '', '', '', '', '', '', '']",-,"[1, 1, 1, 1, 1, 1, 1, 1, 1, 1, 1, 1, 1, 1, 1, 1, 1, 1, 1, 1, 1]"
35.0,-,2024-08-07,2024-08-21,ccc,-,333333,ccc,CC,ccccc,ccccccc,cccccc,"[True, False, False, False, False, False, True, False, False, False, False, False, False, False, False, False, False, False, False, False, False]","['333', '', '', '', '', '', '33', '', '', '', '', '', '', '', '', '', '', '', '', '', '']","['', '', '', '', '', '', '3333', '', '', '', '', '', '', '', '', '', '', '', '', '', '']",-,"[1, 1, 1, 1, 1, 1, 1, 1, 1, 1, 1, 1, 1, 1, 1, 1, 1, 1, 1, 1, 1]"
36.0,-,2024-08-19,2024-08-06,dddd,-,444444,ddddd,CD,ddddddd,dddddd,ddddddddd,"[True, False, False, False, False, False, True, False, False, False, False, False, False, False, False, False, False, False, False, False, False]","['4', '', '', '', '', '', '4', '', '', '', '', '', '', '', '', '', '', '', '', '', '']","['', '', '', '', '', '', '444', '', '', '', '', '', '', '', '', '', '', '', '', '', '']",-,"[1, 1, 1, 1, 1, 1, 1, 1, 1, 1, 1, 1, 1, 1, 1, 1, 1, 1, 1, 1, 1]"
37.0,-,2024-08-19,2024-08-19,eee,-,555,eee,CD,eee,eee,eee,"[True, False, False, False, False, False, True, False, False, False, False, False, False, False, False, False, False, False, False, False, False]","['5', '', '', '', '', '', '55', '', '', '', '', '', '', '', '', '', '', '', '', '', '']","['', '', '', '', '', '', '555', '', '', '', '', '', '', '', '', '', '', '', '', '', '']",-,"[1, 1, 1, 1, 1, 1, 1, 1, 1, 1, 1, 1, 1, 1, 1, 1, 1, 1, 1, 1, 1]"
38.0,-,2024-08-19,2024-08-19,ffff,-,666,fff,CC,fffffffff,fffffff,fffffff,"[True, False, False, False, False, False, True, False, False, False, False, False, False, False, False, False, False, False, False, False, False]","['6', '', '', '', '', '', '66', '', '', '', '', '', '', '', '', '', '', '', '', '', '']","['', '', '', '', '', '', '666', '', '', '', '', '', '', '', '', '', '', '', '', '', '']",-,"[1, 1, 1, 1, 1, 1, 1, 1, 1, 1, 1, 1, 1, 1, 1, 1, 1, 1, 1, 1, 1]"
39.0,-,2024-08-19,2024-08-19,ggggg,-,7777,ggg,CD,gggg,gggg,ggggggg,"[True, False, False, False, False, False, True, False, False, False, False, False, False, False, False, False, False, False, False, False, False]","['7', '', '', '', '', '', '77', '', '', '', '', '', '', '', '', '', '', '', '', '', '']","['', '', '', '', '', '', '777', '', '', '', '', '', '', '', '', '', '', '', '', '', '']",-,"[1, 1, 1, 1, 1, 1, 1, 1, 1, 1, 1, 1, 1, 1, 1, 1, 1, 1, 1, 1, 1]"
40.0,-,2024-08-19,2024-08-19,hhhhhh,-,23524,sdhsfh,CD,hhhh,hhh,hhh,"[True, False, False, False, False, False, True, False, False, False, False, False, False, False, False, False, False, False, False, False, False]","['8', '', '', '', '', '', '88', '', '', '', '', '', '', '', '', '', '', '', '', '', '']","['', '', '', '', '', '', '888', '', '', '', '', '', '', '', '', '', '', '', '', '', '']",-,"[1, 1, 1, 1, 1, 1, 1, 1, 1, 1, 1, 1, 1, 1, 1, 1, 1, 1, 1, 1, 1]"
41.0,-,2024-08-19,2024-08-19,iiiiii,-,33333,zvvda,CC,iiii,iiiiiiii,iiiiii,"[True, False, False, False, False, False, True, False, False, False, False, False, False, False, False, False, False, False, False, False, False]","['1', '', '', '', '', '', '111', '', '', '', '', '', '', '', '', '', '', '', '', '', '']","['', '', '', '', '', '', '1111', '', '', '', '', '', '', '', '', '', '', '', '', '', '']",-,"[1, 1, 1, 1, 1, 1, 1, 1, 1, 1, 1, 1, 1, 1, 1, 1, 1, 1, 1, 1, 1]"
42.0,-,2024-09-05,2024-08-05,afafa,-,33,3333333,CC,333,3333333,33333,"[True, False, False, False, False, False, True, False, False, False, False, False, False, False, False, False, False, False, False, False, False]","['2', '', '', '', '', '', '22', '', '', '', '', '', '', '', '', '', '', '', '', '', '']","['', '', '', '', '', '', '222', '', '', '', '', '', '', '', '', '', '', '', '', '', '']",-,"[1, 1, 1, 1, 1, 1, 1, 1, 1, 1, 1, 1, 1, 1, 1, 1, 1, 1, 1, 1, 1]"
43.0,-,2024-08-19,2024-08-19,e,-,-,-,-,-,-,-,"[True, False, False, False, False, False, True, False, False, False, False, False, False, False, False, False, False, False, False, False, False]","['0', '', '', '', '', '', '00', '', '', '', '', '', '', '', '', '', '', '', '', '', '']","['', '', '', '', '', '', '000', '', '', '', '', '', '', '', '', '', '', '', '', '', '']",-,"[1, 1, 1, 1, 1, 1, 1, 1, 1, 1, 1, 1, 1, 1, 1, 1, 1, 1, 1, 1, 1]"
44.0,-,2024-08-19,2024-08-19,ee,-,-,-,-,-,-,fff,"[True, False, False, False, False, False, False, False, False, False, False, False, False, False, False, False, False, False, False, False, False]","['333', '', '', '', '', '', '', '', '', '', '', '', '', '', '', '', '', '', '', '', '']","['', '', '', '', '', '', '5', '', '', '', '', '', '', '', '', '', '', '', '', '', '']",-,"[1, 1, 1, 1, 1, 1, 1, 1, 1, 1, 1, 1, 1, 1, 1, 1, 1, 1, 1, 1, 1]"
45.0,-,2024-08-19,2024-08-19,jjjj,-,-,-,-,-,-,-,"[True, False, False, False, False, False, False, False, False, False, False, False, False, False, False, False, False, False, False, False, False]","['4', '', '', '', '', '', '44', '', '', '', '', '', '', '', '', '', '', '', '', '', '']","['', '', '', '', '', '', '444', '', '', '', '', '', '', '', '', '', '', '', '', '', '']",-,"[1, 1, 1, 1, 1, 1, 1, 1, 1, 1, 1, 1, 1, 1, 1, 1, 1, 1, 1, 1, 1]"
46.0,-,2024-08-19,2024-08-19,nnn,-,-,-,-,-,-,-,"[True, False, False, False, False, False, False, False, False, False, False, False, False, False, False, False, False, False, False, False, False]","['2', '', '', '', '', '', '22', '', '', '', '', '', '', '', '', '', '', '', '', '', '']","['', '', '', '', '', '', '222', '', '', '', '', '', '', '', '', '', '', '', '', '', '']",-,"[1, 1, 1, 1, 1, 1, 1, 1, 1, 1, 1, 1, 1, 1, 1, 1, 1, 1, 1, 1, 1]"
47.0,-,2024-08-19,2024-08-19,x,-,-,-,-,-,-,-,"[True, False, False, False, False, False, False, False, False, False, False, False, False, False, False, False, False, False, False, False, False]","['3', '', '', '', '', '', '', '', '', '', '', '', '', '', '', '', '', '', '', '', '']","['', '', '', '', '', '', '', '', '', '', '', '', '', '', '', '', '', '', '', '', '']",-,"[1, 1, 1, 1, 1, 1, 1, 1, 1, 1, 1, 1, 1, 1, 1, 1, 1, 1, 1, 1, 1]"
48.0,-,2024-08-19,2024-08-19,-,-,-,-,-,-,-,-,"[False, False, False, False, False, False, False, False, False, False, False, False, False, False, False, False, False, False, False, False, False]","['3', '', '', '', '', '', '', '', '', '', '', '', '', '', '', '', '', '', '', '', '']","['', '', '', '', '', '', '', '', '', '', '', '', '', '', '', '', '', '', '', '', '']",-,"[1, 1, 1, 1, 1, 1, 1, 1, 1, 1, 1, 1, 1, 1, 1, 1, 1, 1, 1, 1, 1]"
49.0,-,2024-08-01,2024-09-01,r1,-,11111,eeeee,CC,rrrrr11111,1111,11111,"[False, True, False, False, False, False, True, False, False, False, False, False, False, False, False, False, False, False, False, False, False]","['', '111', '', '', '', '', '14', '', '', '', '', '', '', '', '', '', '', '', '', '', '']","['', '', '', '', '', '', '1400', '', '', '', '', '', '', '', '', '', '', '', '', '', '']",-,"[1, 1, 1, 1, 1, 1, 1, 1, 1, 1, 1, 1, 1, 1, 1, 1, 1, 1, 1, 1, 1]"
50.0,-,2024-08-19,2024-08-19,r2 curatare,-,-,-,CD,tt,conform,conform,"[False, False, True, False, False, False, False, False, False, False, False, False, False, False, False, False, False, False, False, False, False]","['', '', '0', '', '', '', '', '', '', '', '', '', '', '', '', '', '', '', '', '', '']","['', '', '', '', '', '', '', '', '', '', '', '', '', '', '', '', '', '', '', '', '']",-,"[1, 1, 1, 1, 1, 1, 1, 1, 1, 1, 1, 1, 1, 1, 1, 1, 1, 1, 1, 1, 1]"
51.0,-,2024-08-19,2024-08-19,r3,-,3,3,CD,3,3,3,"[False, False, False, True, False, False, False, False, False, False, False, False, False, False, False, False, False, False, False, False, False]","['', '', '', '3', '', '', '', '', '', '', '', '', '', '', '', '', '', '', '', '', '']","['', '', '', '', '', '', '', '', '', '', '', '', '', '', '', '', '', '', '', '', '']",-,"[1, 1, 1, 1, 1, 1, 1, 1, 1, 1, 1, 1, 1, 1, 1, 1, 1, 1, 1, 1, 1]"
52.0,-,2024-08-19,2024-08-19,zmac,-,5000,umiditate,CD,user,uscat,foarte uscat,"[False, False, False, False, True, False, False, False, False, False, False, False, False, False, False, False, False, False, False, False, False]","['', '', '', '', '', '', '', '', '', '', '', '', '', '', '', '', '', '', '', '', '']","['', '', '', '', '', '', '', '', '', '', '', '', '', '', '', '', '', '', '', '', '']",-,"[1, 1, 1, 1, 1, 1, 1, 1, 1, 1, 1, 1, 1, 1, 1, 1, 1, 1, 1, 1, 1]"
53.0,-,2024-08-20,2024-08-20,produs test,-,serie test,analiza test,CD,user test,rez test,obs test,"[True, True, True, True, True, True, True, True, True, True, True, True, True, True, True, True, True, True, True, True, True]","['1', '12', '123', '1234', '', '12345', '123456', '1234567', '12345678', '123456789', '', '9', '98', '987', '9876', '98765', '987654', '9876543', '', '98765432', '987654321']","['', '', '', '', '', '', '1234560', '12345670', '', '', '', '', '980', '', '', '987650', '', '', '', '', '9876543210']",-,"[1, 1, 1, 1, 1, 1, 1, 1, 1, 1, 1, 1, 1, 1, 1, 1, 1, 1, 1, 1, 1]"
54.0,-,2024-08-20,2024-08-20,a,-,b,c,CC,d,e,f,"[True, True, True, True, True, True, True, True, True, True, True, True, True, True, True, True, True, True, True, True, True]","['1', '2', '3', '4', '', '5', '6', '8', '10', '11', '', '12', '13', '15', '16', '17', '19', '20', '', '21', '22']","['', '', '', '', '', '', '7', '9', '', '', '', '', '14', '', '', '18', '', '', '', '', '23']",-,"[1, 1, 1, 1, 1, 1, 1, 1, 1, 1, 1, 1, 1, 1, 1, 1, 1, 1, 1, 1, 1]"
-,-,-,-,-,-,-,-,-,-,-,-,-,-,-,-,-
55.0,-,2024-08-20,2024-08-20,a,-,b,c,CD,d,e,f,"[True, True, True, True, True, True, True, True, True, True, True, True, True, True, True, True, True, True, True, True, True]","['1', '1', '1', '1', '', '1', '1', '1', '1', '1', '', '1', '1', '1', '1', '1', '1', '1', '', '1', '1']","['', '', '', '', '', '', '1', '1', '', '', '', '', '1', '', '', '1', '', '', '', '', '1']",-,"[1, 1, 1, 1, 1, 1, 1, 1, 1, 1, 1, 1, 1, 1, 1, 1, 1, 1, 1, 1, 1]"
56.0,-,2024-08-20,2024-08-20,-,-,-,-,-,-,-,-,"[True, False, False, False, True, False, False, True, False, False, False, False, False, False, False, True, False, False, True, False, False]","['', '', '', '', '', '', '', '', '', '', '', '', '', '', '', '', '', '', '', '', '']","['', '', '', '', '', '', '', '', '', '', '', '', '', '', '', '', '', '', '', '', '']",-,"[1, 1, 1, 1, 1, 1, 1, 1, 1, 1, 1, 1, 1, 1, 1, 1, 1, 1, 1, 1, 1]"
57.0,-,2024-08-21,2024-08-21,a,-,b,c,CD,d,e,f,"[False, False, False, False, False, False, False, False, False, False, False, False, False, False, False, False, False, False, False, False, False]","['', '', '', '', '', '', '', '', '', '', '', '', '', '', '', '', '', '', '', '', '']","['', '', '', '', '', '', '', '', '', '', '', '', '', '', '', '', '', '', '', '', '']",-,"[1, 1, 1, 1, 1, 1, 1, 1, 1, 1, 1, 1, 1, 1, 1, 1, 1, 1, 1, 1, 1]"
58.0,-,2024-08-21,2024-08-30,spirulina BIOMASA,-,001ys,proteina,CC,theo,corespunde,nu,"[True, False, False, False, False, False, False, False, False, True, False, False, False, False, False, False, False, False, False, False, False]","['1.1', '', '', '', '', '', '', '', '', '23.08.2022', '', '', '', '', '', '', '', '', '', '', '']","['', '', '', '', '', '', '', '', '', '', '', '', '', '', '', '', '', '', '', '', '']",-,"[1, 1, 1, 1, 1, 1, 1, 1, 1, 1, 1, 1, 1, 1, 1, 1, 1, 1, 1, 1, 1]"
59.0,-,2024-08-22,2024-08-22,c,-,-,-,-,-,-,-,"[False, False, False, False, False, False, False, False, False, False, False, False, False, False, False, False, False, False, False, False, False]","['', '', '', '', '', '', '', '', '', '', '', '', '', '', '', '', '', '', '', '', '']","['', '', '', '', '', '', '', '', '', '', '', '', '', '', '', '', '', '', '', '', '']",-,"[1, 1, 1, 1, 1, 1, 1, 1, 1, 1, 1, 1, 1, 1, 1, 1, 1, 1, 1, 1, 1]"
60.0,-,2024-08-22,2024-08-22,-,-,-,-,-,-,-,-,"[False, False, False, False, False, False, False, False, False, False, False, False, False, False, False, False, False, False, False, False, False]","['', '', '', '', '', '', '', '', '', '', '', '', '', '', '', '', '', '', '', '', '']","['', '', '', '', '', '', '', '', '', '', '', '', '', '', '', '', '', '', '', '', '']",-,"[1, 1, 1, 1, 1, 1, 1, 1, 1, 1, 1, 1, 1, 1, 1, 1, 1, 1, 1, 1, 1]"
61.0,-,2024-08-22,2024-08-22,-,-,-,-,-,-,-,-,"[False, False, False, False, False, False, False, False, False, False, False, False, False, False, False, False, False, False, False, False, False]","['', '', '', '', '', '', '', '', '', '', '', '', '', '', '', '', '', '', '', '', '']","['', '', '', '', '', '', '', '', '', '', '', '', '', '', '', '', '', '', '', '', '']",-,"[1, 1, 1, 1, 1, 1, 1, 1, 1, 1, 1, 1, 1, 1, 1, 1, 1, 1, 1, 1, 1]"
62.0,-,2024-08-22,2024-08-22,-,-,-,-,-,-,-,-,"[False, False, False, False, False, False, False, False, False, False, False, False, False, False, False, False, False, False, False, False, False]","['', '', '', '', '', '', '', '', '', '', '', '', '', '', '', '', '', '', '', '', '']","['', '', '', '', '', '', '', '', '', '', '', '', '', '', '', '', '', '', '', '', '']",-,"[1, 1, 1, 1, 1, 1, 1, 1, 1, 1, 1, 1, 1, 1, 1, 1, 1, 1, 1, 1, 1]"
63.0,-,2024-08-22,2024-08-22,-,-,-,-,-,-,-,-,"[False, False, False, False, False, False, False, False, False, False, False, False, False, False, False, False, False, False, False, False, False]","['', '', '', '', '', '', '', '', '', '', '', '', '', '', '', '', '', '', '', '', '']","['', '', '', '', '', '', '', '', '', '', '', '', '', '', '', '', '', '', '', '', '']",-,"[1, 1, 1, 1, 1, 1, 1, 1, 1, 1, 1, 1, 1, 1, 1, 1, 1, 1, 1, 1, 1]"
64.0,-,2024-08-22,2024-08-22,fillna,-,fillna,fillna,CC,fillna,fillna,fillna,"[True, True, True, True, True, True, True, True, True, True, True, True, True, True, True, True, True, True, True, True, True]","['', '', '', '', '', '', '', '', '', '', '', '', '', '', '', '', '', '', '', '', '']","['', '', '', '', '', '', '', '', '', '', '', '', '', '', '', '', '', '', '', '', '']",-,"[1, 1, 1, 1, 1, 1, 1, 1, 1, 1, 1, 1, 1, 1, 1, 1, 1, 1, 1, 1, 1]"
65.0,-,2024-08-22,2024-08-22,f,-,f,f,CC,f,f,f,"[True, True, True, True, True, True, True, True, True, True, True, True, True, True, True, True, True, True, True, True, True]","['', '', '', '', '', '', '', '', '', '', '', '', '', '', '', '', '', '', '', '', '']","['', '', '', '', '', '', '', '', '', '', '', '', '', '', '', '', '', '', '', '', '']",-,"[1, 1, 1, 1, 1, 1, 1, 1, 1, 1, 1, 1, 1, 1, 1, 1, 1, 1, 1, 1, 1]"
66.0,-,2024-08-07,2024-08-22,adgadg,-,001,proteina,CC,theo,bun,obs,"[True, False, False, False, False, False, False, False, False, True, False, False, False, False, False, False, False, False, False, True, False]","['15', '', '', '', '', '', '', '', '', '', '', '', '', '', '', '', '', '', '', '0010203', '']","['', '', '', '', '', '', '', '', '', '', '', '', '', '', '', '', '', '', '', '', '']",-,"[1, 1, 1, 1, 1, 1, 1, 1, 1, 1, 1, 1, 1, 1, 1, 1, 1, 1, 1, 1, 1]"
67.0,-,2024-08-22,2024-08-22,-,-,-,-,-,-,-,-,"[False, False, False, False, False, False, False, False, False, False, False, False, False, False, False, False, False, False, False, False, False]","['', '', '', '', '', '', '', '', '', '', '', '', '', '', '', '', '', '', '', '', '']","['', '', '', '', '', '', '', '', '', '', '', '', '', '', '', '', '', '', '', '', '']",-,"[1, 1, 1, 1, 1, 1, 1, 1, 1, 1, 1, 1, 1, 1, 1, 1, 1, 1, 1, 1, 1]"
68.0,-,2024-08-22,2024-08-22,-,-,-,-,-,-,-,-,"[False, False, False, False, False, False, False, False, False, False, False, False, False, False, False, False, False, False, False, False, False]","['', '', '', '', '', '', '', '', '', '', '', '', '', '', '', '', '', '', '', '', '']","['', '', '', '', '', '', '', '', '', '', '', '', '', '', '', '', '', '', '', '', '']",-,"[1, 1, 1, 1, 1, 1, 1, 1, 1, 1, 1, 1, 1, 1, 1, 1, 1, 1, 1, 1, 1]"
69.0,-,2024-08-22,2024-08-22,-,-,-,-,-,-,-,-,"[False, False, False, False, False, False, False, False, False, False, False, False, False, False, False, False, False, False, False, False, False]","['', '', '', '', '', '', '', '', '', '', '', '', '', '', '', '', '', '', '', '', '']","['', '', '', '', '', '', '', '', '', '', '', '', '', '', '', '', '', '', '', '', '']",-,"[1, 1, 1, 1, 1, 1, 1, 1, 1, 1, 1, 1, 1, 1, 1, 1, 1, 1, 1, 1, 1]"
70.0,-,2024-08-22,2024-08-22,-,-,-,-,-,-,-,-,"[False, False, False, False, False, False, False, False, False, False, False, False, False, False, False, False, False, False, False, False, False]","['', '', '', '', '', '', '', '', '', '', '', '', '', '', '', '', '', '', '', '', '']","['', '', '', '', '', '', '', '', '', '', '', '', '', '', '', '', '', '', '', '', '']",-,"[1, 1, 1, 1, 1, 1, 1, 1, 1, 1, 1, 1, 1, 1, 1, 1, 1, 1, 1, 1, 1]"
71.0,-,2024-08-22,2024-08-22,tr,-,tr,tr,CC,tr,tr,tr,"[True, True, True, True, True, True, True, True, True, True, True, True, True, True, True, True, True, True, True, True, True]","['9', '99', '9', '9', '', '9', '9', '9', '9', '9', '', '9', '9', '9', '9', '9', '9', '9', '', '9', '9']","['', '', '', '', '', '', '9', '9', '', '', '', '', '9', '', '', '9', '', '', '', '', '9']",-,"[1, 1, 1, 1, 1, 1, 1, 1, 1, 1, 1, 1, 1, 1, 1, 1, 1, 1, 1, 1, 1]"
72.0,-,2024-08-22,2024-08-22,-,-,-,-,-,-,-,-,"[False, False, False, False, False, False, False, False, False, False, False, False, False, False, False, False, False, False, False, False, False]","['', '', '', '', '', '', '', '', '', '', '', '', '', '', '', '', '', '', '', '', '']","['', '', '', '', '', '', '', '', '', '', '', '', '', '', '', '', '', '', '', '', '']",-,"[1, 1, 1, 1, 1, 1, 1, 1, 1, 1, 1, 1, 1, 1, 1, 1, 1, 1, 1, 1, 1]"
73.0,-,2024-08-22,2024-08-22,e,-,e,e,CC,ee,e,e,"[False, False, False, False, False, False, False, False, False, False, False, False, False, False, False, False, False, False, False, False, False]","['', '', '', '', '', '', '', '', '', '', '', '', '', '', '', '', '', '', '', '', '']","['', '', '', '', '', '', '', '', '', '', '', '', '', '', '', '', '', '', '', '', '']",-,"[1, 1, 1, 1, 1, 1, 1, 1, 1, 1, 1, 1, 1, 1, 1, 1, 1, 1, 1, 1, 1]"
-,-,-,-,-,-,-,-,-,-,-,-,-,-,-,-,-
74.0,-,22-08-2024,22-08-2024,produs,Materie prima,00101010101,e,CC,tt,da,nu,"[False, False, False, False, False, False, False, False, False, False, False, False, False, False, False, False, False, False, False, False, False]","['', '', '', '', '', '', '', '', '', '', '', '', '', '', '', '', '', '', '', '', '']","['', '', '', '', '', '', '', '', '', '', '', '', '', '', '', '', '', '', '', '', '']",-,"[1, 1, 1, 1, 1, 1, 1, 1, 1, 1, 1, 1, 1, 1, 1, 1, 1, 1, 1, 1, 1]"
75.0,-,22-10-2026,23-08-2024,tip,Cercetare,-,-,-,-,-,-,"[False, False, False, False, False, False, False, False, False, False, False, False, False, False, False, False, False, False, False, False, False]","['', '', '', '', '', '', '', '', '', '', '', '', '', '', '', '', '', '', '', '', '']","['', '', '', '', '', '', '', '', '', '', '', '', '', '', '', '', '', '', '', '', '']",-,"[1, 1, 1, 1, 1, 1, 1, 1, 1, 1, 1, 1, 1, 1, 1, 1, 1, 1, 1, 1, 1]"
76.0,-,23-08-2024,23-08-2024,-,Produs finit,-,-,-,-,-,-,"[False, False, False, False, False, False, False, False, False, False, False, False, False, False, False, False, False, False, False, False, False]","['', '', '', '', '', '', '', '', '', '', '', '', '', '', '', '', '', '', '', '', '']","['', '', '', '', '', '', '', '', '', '', '', '', '', '', '', '', '', '', '', '', '']",-,"[1, 1, 1, 1, 1, 1, 1, 1, 1, 1, 1, 1, 1, 1, 1, 1, 1, 1, 1, 1, 1]"
-,-,-,-,-,-,-,-,-,-,-,-,-,-,-,-,-
77.0,Analiză,13-08-2024,13-08-2026,testtest,Vrac,123123,analiza,CD,user,rez,obs,"[True, True, True, True, True, True, True, True, True, True, True, True, True, True, True, True, True, True, True, True, True]","['1', '1', '1', '1', '', '1', '1', '1', '1', '1', '', '1', '1', '1', '1', '1', '1', '1', '', '1', '1']","['', '', '', '', '', '', '1', '1', '', '', '', '', '1', '', '', '1', '', '', '', '', '1']",-,"[1, 1, 1, 1, 1, 1, 1, 1, 1, 1, 1, 1, 1, 1, 1, 1, 1, 1, 1, 1, 1]"
78.0,Calibrare,23-08-2024,23-08-2024,calibrare,Diverse,234234234,nu,CC,user,calibrat,obs,"[True, True, True, True, True, True, True, True, True, True, True, True, True, True, True, True, True, True, True, True, True]","['1', '1', '1', '1', '', '1', '1', '1', '1', '1', '', '1', '1', '1', '1', '1', '1', '1', '', '1', '1']","['', '', '', '', '', '', '1', '1', '', '', '', '', '1', '', '', '1', '', '', '', '', '1']",-,"[1, 1, 1, 1, 1, 1, 1, 1, 1, 1, 1, 1, 1, 1, 1, 1, 1, 1, 1, 1, 1]"
79.0,Calibrare,23-08-2024,23-08-2024,cal,Produs finit,11,analiza,CC,-,-,-,"[True, True, True, True, True, True, True, True, True, True, True, True, True, True, True, True, True, True, True, True, True]","['1', '1', '1', '1', '', '1', '1', '1', '1', '1', '', '1', '1', '1', '1', '1', '1', '1', '', '1', '1']","['', '', '', '', '', '', '1', '1', '', '', '', '', '1', '', '', '1', '', '', '', '', '1']",-,"[1, 1, 1, 1, 1, 1, 1, 1, 1, 1, 1, 1, 1, 1, 1, 1, 1, 1, 1, 1, 1]"
80.0,Verificare,23-08-2024,23-08-2024,verif,Vrac,3333,v,CC,t,c,o,"[True, True, True, True, True, True, True, True, True, True, True, True, True, True, True, True, True, True, True, True, True]","['', '', '', '', '', '', '', '', '', '', '', '', '', '', '', '', '', '', '', '', '']","['', '', '', '', '', '', '', '', '', '', '', '', '', '', '', '', '', '', '', '', '']",-,"[1, 1, 1, 1, 1, 1, 1, 1, 1, 1, 1, 1, 1, 1, 1, 1, 1, 1, 1, 1, 1]"
81.0,Curățare,23-08-2024,23-08-2024,-,-,-,-,CC,-,-,-,"[True, True, True, True, True, True, True, True, True, True, True, True, True, True, True, True, True, True, True, True, True]","['', '', '', '', '', '', '', '', '', '', '', '', '', '', '', '', '', '', '', '', '']","['', '', '', '', '', '', '', '', '', '', '', '', '', '', '', '', '', '', '', '', '']",-,"[1, 1, 1, 1, 1, 1, 1, 1, 1, 1, 1, 1, 1, 1, 1, 1, 1, 1, 1, 1, 1]"
82.0,Analiză,23-08-2024,23-08-2024,-,-,-,-,-,-,-,-,"[False, False, False, False, False, False, False, False, False, False, False, False, False, False, False, False, False, False, False, False, False]","['', '', '', '', '', '', '', '', '', '', '', '', '', '', '', '', '', '', '', '', '']","['', '', '', '', '', '', '', '', '', '', '', '', '', '', '', '', '', '', '', '', '']",-,"[1, 1, 1, 1, 1, 1, 1, 1, 1, 1, 1, 1, 1, 1, 1, 1, 1, 1, 1, 1, 1]"
83.0,Analiză,23-08-2024,23-08-2024,-,-,-,-,-,-,-,-,"[False, False, False, False, False, False, False, False, False, False, False, False, False, False, False, False, False, False, False, False, False]","['', '', '', '', '', '', '', '', '', '', '', '', '', '', '', '', '', '', '', '', '']","['', '', '', '', '', '', '', '', '', '', '', '', '', '', '', '', '', '', '', '', '']",-,"[1, 1, 1, 1, 1, 1, 1, 1, 1, 1, 1, 1, 1, 1, 1, 1, 1, 1, 1, 1, 1]"
88,Analiză,23-08-2024,23-08-2024,-,-,-,-,-,-,-,-,"[False, False, False, False, False, False, False, False, False, False, False, False, False, False, False, False, False, False, False, False, False]","['', '', '', '', '', '', '', '', '', '', '', '', '', '', '', '', '', '', '', '', '']","['', '', '', '', '', '', '', '', '', '', '', '', '', '', '', '', '', '', '', '', '']",-,"[1, 1, 1, 1, 1, 1, 1, 1, 1, 1, 1, 1, 1, 1, 1, 1, 1, 1, 1, 1, 1]"
89,Analiză,23-08-2024,23-08-2024,-,-,-,-,-,-,-,-,"[False, False, False, False, False, False, False, False, False, False, False, False, False, False, False, False, False, False, False, False, False]","['', '', '', '', '', '', '', '', '', '', '', '', '', '', '', '', '', '', '', '', '']","['', '', '', '', '', '', '', '', '', '', '', '', '', '', '', '', '', '', '', '', '']",-,"[1, 1, 1, 1, 1, 1, 1, 1, 1, 1, 1, 1, 1, 1, 1, 1, 1, 1, 1, 1, 1]"
90,Analiză,23-08-2024,23-08-2024,-,-,-,-,-,-,-,-,"[False, False, False, False, False, False, False, False, False, False, False, False, False, False, False, False, False, False, False, False, False]","['', '', '', '', '', '', '', '', '', '', '', '', '', '', '', '', '', '', '', '', '']","['', '', '', '', '', '', '', '', '', '', '', '', '', '', '', '', '', '', '', '', '']",-,"[1, 1, 1, 1, 1, 1, 1, 1, 1, 1, 1, 1, 1, 1, 1, 1, 1, 1, 1, 1, 1]"
91,Analiză,23-08-2024,23-08-2024,-,-,-,-,-,-,-,-,"[False, False, False, False, False, False, False, False, False, False, False, False, False, False, False, False, False, False, False, False, False]","['', '', '', '', '', '', '', '', '', '', '', '', '', '', '', '', '', '', '', '', '']","['', '', '', '', '', '', '', '', '', '', '', '', '', '', '', '', '', '', '', '', '']",-,"[1, 1, 1, 1, 1, 1, 1, 1, 1, 1, 1, 1, 1, 1, 1, 1, 1, 1, 1, 1, 1]"
92,Analiză,23-08-2024,23-08-2024,-,-,-,-,-,-,-,-,"[False, False, False, False, False, False, False, False, False, False, False, False, False, False, False, False, False, False, False, False, False]","['', '', '', '', '', '', '', '', '', '', '', '', '', '', '', '', '', '', '', '', '']","['', '', '', '', '', '', '', '', '', '', '', '', '', '', '', '', '', '', '', '', '']",-,"[1, 1, 1, 1, 1, 1, 1, 1, 1, 1, 1, 1, 1, 1, 1, 1, 1, 1, 1, 1, 1]"
93,Analiză,23-08-2024,23-08-2024,-,-,-,-,-,-,-,-,"[False, False, False, False, False, False, False, False, False, False, False, False, False, False, False, False, False, False, False, False, False]","['', '', '', '', '', '', '', '', '', '', '', '', '', '', '', '', '', '', '', '', '']","['', '', '', '', '', '', '', '', '', '', '', '', '', '', '', '', '', '', '', '', '']",-,"[1, 1, 1, 1, 1, 1, 1, 1, 1, 1, 1, 1, 1, 1, 1, 1, 1, 1, 1, 1, 1]"
94,Analiză,23-08-2024,23-08-2024,-,-,-,-,-,-,-,-,"[False, False, False, False, False, False, False, False, False, False, False, False, False, False, False, False, False, False, False, False, False]","['', '', '', '', '', '', '', '', '', '', '', '', '', '', '', '', '', '', '', '', '']","['', '', '', '', '', '', '', '', '', '', '', '', '', '', '', '', '', '', '', '', '']",-,"[1, 1, 1, 1, 1, 1, 1, 1, 1, 1, 1, 1, 1, 1, 1, 1, 1, 1, 1, 1, 1]"
95,Analiză,23-08-2024,23-08-2024,-,-,-,-,-,-,-,-,"[False, False, False, False, False, False, False, False, False, False, False, False, False, False, False, False, False, False, False, False, False]","['', '', '', '', '', '', '', '', '', '', '', '', '', '', '', '', '', '', '', '', '']","['', '', '', '', '', '', '', '', '', '', '', '', '', '', '', '', '', '', '', '', '']",-,"[1, 1, 1, 1, 1, 1, 1, 1, 1, 1, 1, 1, 1, 1, 1, 1, 1, 1, 1, 1, 1]"
96,Analiză,23-08-2024,23-08-2024,-,-,-,-,-,-,-,-,"[False, False, False, False, False, False, False, False, False, False, False, False, False, False, False, False, False, False, False, False, False]","['', '', '', '', '', '', '', '', '', '', '', '', '', '', '', '', '', '', '', '', '']","['', '', '', '', '', '', '', '', '', '', '', '', '', '', '', '', '', '', '', '', '']",-,"[1, 1, 1, 1, 1, 1, 1, 1, 1, 1, 1, 1, 1, 1, 1, 1, 1, 1, 1, 1, 1]"
97,Analiză,23-08-2024,23-08-2024,produs,Produs finit,a,g,-,-,-,-,"[False, False, False, False, False, False, False, False, True, False, False, False, False, False, False, False, False, False, False, False, False]","['', '', '', '', '', '', '', '', '25', '', '', '', '', '', '', '', '', '', '', '', '']","['', '', '', '', '', '', '', '', '', '', '', '', '', '', '', '', '', '', '', '', '']",-,"[1, 1, 1, 1, 1, 1, 1, 1, 1, 1, 1, 1, 1, 1, 1, 1, 1, 1, 1, 1, 1]"
,,,,,,,,,,,,,,,,
99,Analiză,23-08-2024,23-08-2024,test8,Materie prima,002,pr,CC,tt,c,obsr,"[True, True, True, True, True, True, True, True, True, True, True, True, True, True, True, True, True, True, True, True, True]","['1', '1', '1', '1', '', '1', '1', '1', '1', '1', '', '1', '1', '1', '1', '1', '1', '1', '', '1', '1']","['', '', '', '', '', '', '2', '2', '', '', '', '', '', '', '', '2', '', '', '', '', '']","['', '', '', '', '', '', '', '', '', '', '', '', '', '', '', '', '', '', '', '', '']","['', '', '', '', '', '', '', '', '', '', '', '', '', '', '', '', '', '', '', '', '']"
100,Analiză,23-08-2024,23-08-2024,pr,Vrac,222,rr,CD,mmm,ddd,nnn,"[True, True, True, True, True, True, True, True, True, True, True, True, True, True, True, True, True, True, True, True, True]","['1', '1', '1', '1', '', '1', '1', '1', '1', '1', '', '1', '1', '1', '1', '1', '1', '1', '', '1', '1']","['', '', '', '', '', '', '2', '2', '', '', '', '', '', '', '', '2', '', '', '', '', '']","['', '', '', '', '', '', '', '', '', '', '', '', '', '', '', '3', '', '', '', '', '']","['', '', '', '', '', '', '', 'k', '', 'k', 'k', 'k', 'k', '', '', 'k', '', '', '', 'k', 'k']"
101,Analiză,19-08-2024,25-08-2024,spirulina,Produs finit,0011001,proteina,CD,aetaet,da,nu,"[True, False, False, False, True, False, False, False, False, False, False, False, False, False, False, True, False, False, False, False, False]","['', '', '', '', '', '', '', '', '', '', '', '', '', '', '', '180', '', '', '', '', '']","['', '', '', '', '', '', '', '', '', '', '', '', '', '', '', '2', '', '', '', '', '']","['', '', '', '', '', '', '', '', '', '', '', '', '', '', '', '120', '', '', '', '', '']","['', '', '', '', '', '', '', '', '', '', '', '', '', '', '', 'da', '', '', '', '', '']"
102,Analiză,26-08-2024,26-08-2024,zmac,Vrac,4346346,fafefaefa,CD,gsgw,-,wrgwrg,"[False, False, False, True, True, True, True, True, True, True, False, False, False, False, False, True, False, False, False, False, False]","['', '', '', '1', '', '1', '1', '1', '1', '1', '', '', '', '', '', '1', '', '', '', '', '']","['', '', '', '', '', '', '2', '', '', '', '', '', '', '', '', '2', '', '', '', '', '']","['', '', '', '', '', '', '', '', '', '', '', '', '', '', '', '3', '', '', '', '', '']","['', '', '', '', '', '', '', 'da', '', 'da', '', '', '', '', '', 'da', '', '', '', '', '']"
103,Analiză,26-08-2024,26-08-2024,aeg,Produs finit,5957,dgn,CD,dgn,-,dgn,"[False, False, False, False, False, False, True, True, False, False, False, False, False, False, False, True, False, False, False, False, False]","['', '', '', '', '', '', '1', '1', '', '', '', '', '', '', '', '1', '', '', '', '', '']","['', '', '', '', '', '', '2', '2', '', '', '', '', '', '', '', '2', '', '', '', '', '']","['', '', '', '', '', '', '', '', '', '', '', '', '', '', '', '3', '', '', '', '', '']","['', '', '', '', '', '', '', 'da', '', '', '', '', '', '', '', 'da', '', '', '', '', '']"
104,Analiză,26-08-2024,26-08-2024,aaega,Materie prima,10,aeg,CC,aegaega,-,aegaeg,"[False, False, False, False, False, False, False, True, True, False, False, False, False, False, False, False, False, False, False, False, False]","['', '', '', '', '', '', '', '1', '1', '', '', '', '', '', '', '', '', '', '', '', '']","['', '', '', '', '', '', '', '2', '', '', '', '', '', '', '', '', '', '', '', '', '']","['', '', '', '', '', '', '', '', '', '', '', '', '', '', '', '', '', '', '', '', '']","['', '', '', '', '', '', '', 'da', '', '', '', '', '', '', '', '', '', '', '', '', '']"
105,Selectează operațiunea,26-08-2024,26-08-2024,-,-,-,-,-,-,-,-,"[False, False, False, False, False, False, False, False, False, False, False, False, False, False, False, False, False, False, False, False, False]","['', '', '', '', '', '', '', '', '', '', '', '', '', '', '', '', '', '', '', '', '']","['', '', '', '', '', '', '', '', '', '', '', '', '', '', '', '', '', '', '', '', '']","['', '', '', '', '', '', '', '', '', '', '', '', '', '', '', '', '', '', '', '', '']","['', '', '', '', '', '', '', '', '', '', '', '', '', '', '', '', '', '', '', '', '']"
106,Analiză,26-08-2024,26-08-2024,-,-,-,-,-,-,-,-,"[False, False, False, False, False, False, False, False, False, False, False, False, False, False, False, False, False, False, False, False, False]","['', '', '', '', '', '', '', '', '', '', '', '', '', '', '', '', '', '', '', '', '']","['', '', '', '', '', '', '', '', '', '', '', '', '', '', '', '', '', '', '', '', '']","['', '', '', '', '', '', '', '', '', '', '', '', '', '', '', '', '', '', '', '', '']","['', '', '', '', '', '', '', '', '', '', '', '', '', '', '', '', '', '', '', '', '']"
107,Analiză,26-08-2024,26-08-2024,-,-,-,-,-,-,-,-,"[False, False, False, False, False, False, False, False, False, False, False, False, False, False, False, False, False, False, False, False, False]","['', '', '', '', '', '', '', '', '', '', '', '', '', '', '', '', '', '', '', '', '']","['', '', '', '', '', '', '', '', '', '', '', '', '', '', '', '', '', '', '', '', '']","['', '', '', '', '', '', '', '', '', '', '', '', '', '', '', '', '', '', '', '', '']","['', '', '', '', '', '', '', '', '', '', '', '', '', '', '', '', '', '', '', '', '']"
108,Analiză,27-08-2024,27-08-2024,testh,Cercetare,333,ttt,CD,th,-,nu,"[False, False, False, False, False, False, False, False, False, False, False, False, False, False, False, True, False, False, False, False, False]","['', '', '', '', '', '', '', '', '', '', '', '', '', '', '', '1', '', '', '', '', '']","['', '', '', '', '', '', '', '', '', '', '', '', '', '', '', '2', '', '', '', '', '']","['', '', '', '', '', '', '', '', '', '', '', '', '', '', '', '3', '', '', '', '', '']","['', '', '', '', '', '', '', '', '', '', '', '', '', '', '', 'da', '', '', '', '', '']"
109,Analiză,29-08-2024,05-09-2024,test,Vrac,0010324,proteina,CC,theodor,-,corespunde,"[True, False, False, False, False, False, False, False, False, True, False, False, False, False, False, False, False, False, False, False, False]","['1', '', '', '', '', '', '', '', '', '0010224', '', '', '', '', '', '', '', '', '', '', '']","['', '', '', '', '', '', '', '', '', '', '', '', '', '', '', '', '', '', '', '', '']","['', '', '', '', '', '', '', '', '', '', '', '', '', '', '', '', '', '', '', '', '']","['', '', '', '', '', '', '', '', '', '', '', '', '', '', '', '', '', '', '', '', '']"
110,Analiză,23-09-2024,26-09-2024,spirullina test,Materie prima,001,proteina,CC,test,-,nu,"[True, False, False, False, False, False, False, False, False, True, False, False, False, False, False, False, False, False, False, False, False]","['0.12', '', '', '', '', '', '', '', '', '19.09.2024', '', '', '', '', '', '', '', '', '', '', '']","['', '', '', '', '', '', '', '', '', '', '', '', '', '', '', '', '', '', '', '', '']","['', '', '', '', '', '', '', '', '', '', '', '', '', '', '', '', '', '', '', '', '']","['', '', '', '', '', '', '', '', '', 'functional', '', '', '', '', '', '', '', '', '', '', '']"
111,Raport,23-09-2024,27-09-2024,proteina test,-,001,-,-,test,corespunde,-,"[False, False, False, False, False, False, False, False, False, False, False, False, False, False, False, False, False, False, False, False, False]","['', '', '', '', '', '', '', '', '', '', '', '', '', '', '', '', '', '', '', '', '']","['', '', '', '', '', '', '', '', '', '', '', '', '', '', '', '', '', '', '', '', '']","['', '', '', '', '', '', '', '', '', '', '', '', '', '', '', '', '', '', '', '', '']","['', '', '', '', '', '', '', '', '', '', '', '', '', '', '', '', '', '', '', '', '']"
112,Raport,24-09-2024,26-09-2024,Coji seminte de Floarea soarelui ,-,001.02.22,Proteina totala,CC,Mihaela Neagu,-,-,"[False, False, False, False, False, False, False, False, False, False, False, False, False, False, False, False, False, False, False, False, False]","['', '', '', '', '', '', '', '', '', '', '', '', '', '', '', '', '', '', '', '', '']","['', '', '', '', '', '', '', '', '', '', '', '', '', '', '', '', '', '', '', '', '']","['', '', '', '', '', '', '', '', '', '', '', '', '', '', '', '', '', '', '', '', '']","['', '', '', '', '', '', '', '', '', '', '', '', '', '', '', '', '', '', '', '', '']"
113,Analiză,30-08-2024,26-09-2024,Coji seminte de floarea soarelui,Materie prima,001.08.24,Proteina totala ,CC,Mihaela Neagu,-,-,"[False, False, False, True, False, False, False, False, False, True, False, False, False, False, False, False, False, False, False, False, False]","['', '', '', '0.2596', '', '', '', '', '', '001.08.24', '', '', '', '', '', '', '', '', '', '', '']","['', '', '', '', '', '', '', '', '', '', '', '', '', '', '', '', '', '', '', '', '']","['', '', '', '', '', '', '', '', '', '', '', '', '', '', '', '', '', '', '', '', '']","['', '', '', '', '', '', '', '', '', 'functional/curat', '', '', '', '', '', '', '', '', '', '', '']"
114,Analiză,09-01-2025,29-01-2025,Sp ext catina ,Vrac,001.01.25,proteina totala ,CC,Mihaela Neagu,-,test,"[True, False, False, False, False, False, False, False, False, True, False, False, False, False, False, False, False, False, False, False, False]","['', '', '', '', '', '', '', '', '', '', '', '', '', '', '', '', '', '', '', '', '']","['', '', '', '', '', '', '', '', '', '', '', '', '', '', '', '', '', '', '', '', '']","['', '', '', '', '', '', '', '', '', '', '', '', '', '', '', '', '', '', '', '', '']","['', '', '', '', '', '', '', '', '', '', '', '', '', '', '', '', '', '', '', '', '']"
115,Raport,10-01-2025,24-01-2025,sp,-,444,-,CC,mn,test,-,"[False, False, False, False, False, False, False, False, False, False, False, False, False, False, False, False, False, False, False, False, False]","['', '', '', '', '', '', '', '', '', '', '', '', '', '', '', '', '', '', '', '', '']","['', '', '', '', '', '', '', '', '', '', '', '', '', '', '', '', '', '', '', '', '']","['', '', '', '', '', '', '', '', '', '', '', '', '', '', '', '', '', '', '', '', '']","['', '', '', '', '', '', '', '', '', '', '', '', '', '', '', '', '', '', '', '', '']"
